"day","Mean biomass (kg DM/ha)","Mean green vegetative biomass (kg DM/ha)","Mean green reproductive biomass (kg DM/ha)","Mean dry vegetative biomass (kg DM/ha)","Mean dry reproductive biomass (kg DM/ha)","Harvested Biomass (kg DM/ha)","Ingested Biomass (kg DM/ha)","Mean GRO biomass (kg DM/ha)","Mean available biomass for cut (kg DM/ha)"
1,2449.49525,748.738125,0.0,1200.757125,500.0,0.0,0.0,0.0,1699.49525
2,2449.4666641343765,748.6666603359408,0.0,1200.8000037984357,500.0,0.0,0.0,0.0,1699.4666641343765
3,2449.3235315464985,748.3088288662453,0.0,1201.014702680253,500.0,0.0,0.0,0.0,1699.3235315464985
4,2449.2193170704645,748.0482926761606,0.0,1201.171024394304,500.0,0.0,0.0,0.0,1699.2193170704645
5,2449.1971125034443,747.9927812586095,0.0,1201.2043312448345,500.0,0.0,0.0,0.0,1699.197112503444
6,2448.0058960801057,747.9927812586095,0.0,1200.2965210714963,499.71659375,0.0,0.0,0.0,1698.0058960801057
7,2443.7742361189194,747.9927812586095,0.0,1197.0717744305725,498.7096804297373,0.0,0.0,0.0,1693.7742361189194
8,2443.735577358475,747.896134357499,0.0,1197.1297625712389,498.7096804297373,0.0,0.0,0.0,1693.7355773584752
9,2443.020065126735,746.1073537781494,0.0,1198.2030309188485,498.7096804297373,0.0,0.0,0.0,1693.0200651267353
10,2442.1840020965356,744.0171962026502,0.0,1199.457125464148,498.7096804297373,0.0,0.0,0.0,1692.1840020965356
11,2440.310705679509,739.3339551600834,0.0,1202.267070089688,498.7096804297373,0.0,0.0,0.0,1690.3107056795088
12,2425.205350108863,733.3683002809853,0.0,1196.145420122253,495.6916297056248,0.0,0.0,0.0,1675.205350108863
13,2395.372741178688,721.6137509365205,0.0,1184.0261315784398,489.7328586637276,0.0,0.0,0.0,1645.372741178688
14,2368.636425228499,711.1281017901393,0.0,1173.1126346852013,484.3956887531581,0.0,0.0,0.0,1618.6364252284989
15,2359.342492709162,711.1281017901393,0.0,1166.0163297189113,482.1980612001114,0.0,0.0,0.0,1609.3424927091621
16,2358.179264916659,708.2200323088813,0.0,1167.761171407666,482.1980612001114,0.0,0.0,0.0,1608.179264916659
17,2341.0352229585633,701.5218642983119,0.0,1160.7356789951268,478.7776796651249,0.0,0.0,0.0,1591.0352229585635
18,2332.5044159306176,701.5218642983119,0.0,1154.2204212657143,476.7621303665915,0.0,0.0,0.0,1582.5044159306176
19,2316.2029790753168,695.1416983229849,0.0,1147.5511746746042,473.51010607772787,0.0,0.0,0.0,1566.202979075317
20,2279.116833620845,680.6645035282859,0.0,1132.3383038998568,466.1140261927019,0.0,0.0,0.0,1529.1168336208445
21,2233.6115103449974,669.2960102225754,0.0,1105.4795023023792,458.8359978200426,0.0,0.0,2.8022754777855945,1483.6115103449972
22,2202.9851174441396,661.2973492104251,0.0,1087.7161919374562,453.9715762962582,0.0,0.0,1.4622006272383858,1452.9851174441396
23,2187.266182973789,659.1944316785691,0.0,1077.0431308621996,451.0286204330202,0.0,0.0,3.613061214597634,1437.266182973789
24,2185.894453751407,660.4398659946745,0.0,1074.8790819515148,450.5755058052177,0.0,0.0,1.2454343161053352,1435.8944537514071
25,2182.8217769506387,661.5977695536673,0.0,1071.3815597787298,449.8424476182417,0.0,0.0,1.1579035589928046,1432.8217769506387
26,2182.588144724774,661.0136889890052,0.0,1071.732008117527,449.8424476182417,0.0,0.0,2.276507192083137,1432.5881447247739
27,2159.8051042453008,654.9372615697665,0.0,1058.6711853467443,446.1966573287902,0.0,0.0,1.1087097450045318,1409.805104245301
28,2114.437587585094,642.7277435668589,0.0,1032.8359710207185,438.8738729975167,0.0,0.0,2.646619222251183,1364.437587585094
29,2076.6097967760757,635.6231334631053,0.0,1009.0631809850754,431.92348232789476,0.0,0.0,7.797053749251077,1326.6097967760754
30,2042.615709137695,627.7781341435846,0.0,988.9656645962411,425.8719103978692,0.0,0.0,5.78491324237763,1292.615709137695
31,2011.289360778167,619.9671824104589,0.0,971.0000843124616,420.32209405524634,0.0,0.0,5.205949739163483,1261.2893607781668
32,1976.1785416388998,610.9119089588521,0.0,951.2041854103089,414.06244726973875,0.0,0.0,6.1536242285981935,1226.1785416388998
33,1937.1949450278755,600.7245593356741,0.0,929.464727074572,407.0056586176295,0.0,0.0,7.617535087804135,1187.1949450278757
34,1905.072237742805,597.1874777442127,0.0,908.0405058545703,399.8442541440221,0.0,0.0,15.27005431195025,1155.072237742805
35,1885.6290198203747,594.1440870707198,0.0,895.8412799031414,395.6436528465133,0.0,0.0,8.422914952481035,1135.6290198203747
36,1867.7334182870275,594.9518390840279,0.0,881.990112478662,390.79146672433734,0.0,0.0,14.344557810256333,1117.7334182870272
37,1847.0021318273664,590.4714380823763,0.0,870.0179783655464,386.5127153794438,0.0,0.0,7.755557535115191,1097.0021318273664
38,1843.5435443983174,597.9967448985944,0.0,861.963729717632,383.5830697820912,0.0,0.0,16.083107054336345,1093.5435443983176
39,1852.4705682583788,612.9162115086152,0.0,857.0619574785222,382.4923992712413,0.0,0.0,14.919466610020784,1102.4705682583788
40,1856.513183756633,622.5022805427373,0.0,852.5298138465188,381.4810893673769,0.0,0.0,9.586069034122039,1106.513183756633
41,1855.24021281059,627.4382027277352,0.0,847.4560892247854,380.3459208580693,0.0,0.0,4.935922184997912,1105.2402128105898
42,1854.3154316435896,625.1262498102342,0.0,848.8432609752861,380.3459208580693,0.0,0.0,6.711600206320374,1104.3154316435896
43,1853.2548424481615,622.474776821664,0.0,850.4341447684282,380.3459208580693,0.0,0.0,0.2434456952282692,1103.2548424481615
44,1851.322493998474,617.6439056974453,0.0,853.3326674429594,380.3459208580693,0.0,0.0,0.0,1101.322493998474
45,1851.0956642741066,617.0768313865269,0.0,853.6729120295105,380.3459208580693,0.0,0.0,0.0,1101.0956642741066
46,1820.6389289146637,603.3716552409115,0.0,841.4713597518573,375.79591392189457,0.0,0.0,0.0,1070.6389289146634
47,1788.1981539685703,588.4684586360528,0.0,828.7672684556743,370.96242687684327,0.0,0.0,0.0,1038.1981539685703
48,1751.7424721961718,571.3779511023552,0.0,814.818771648285,365.5457494455315,0.0,0.0,0.0,1001.7424721961715
49,1709.2577319000186,551.0451801030772,0.0,798.9605063293556,359.25204546758573,0.0,0.0,0.0,959.2577319000185
50,1671.0724573799027,533.1321423501495,0.0,784.5452005659314,353.395114463822,0.0,0.0,1.4799626572011024,921.0724573799029
51,1635.2681806622518,520.812010138666,0.0,767.9422111200076,346.51395940357804,0.0,0.0,10.929288414701109,885.2681806622517
52,1613.8243025105098,522.4995236294893,0.0,751.6922618543605,339.6325170266599,0.0,0.0,25.439639271479514,863.8243025105097
53,1589.3795749877963,522.3305640304754,0.0,734.7457636497945,332.3032473075264,0.0,0.0,25.658606775294686,839.3795749877963
54,1587.9263146621238,544.023653570322,0.0,718.7007341808987,325.20192691090307,0.0,0.0,47.28976366791988,837.9263146621238
55,1609.08512859219,584.0273332412658,0.0,705.7375314638672,319.3202638870572,0.0,0.0,61.726862579857396,859.0851285921901
56,1636.3468707153643,629.2746976362673,0.0,693.4658559287129,313.60631715038403,0.0,0.0,66.88968366100886,886.3468707153643
57,1631.5687421968832,633.0953373405839,0.0,687.659448153863,310.8139567024364,0.0,0.0,14.72543225173502,881.5687421968832
58,1695.7767953751509,705.2828349557333,0.0,682.3016805900218,308.19227982939594,0.0,0.0,82.59228996790347,945.776795375151
59,1769.8855421911144,785.1900166549459,0.0,678.4335117412423,306.2620137949261,0.0,0.0,87.70484480711116,1019.8855421911144
60,1841.423287357873,867.568400125041,0.0,671.2467228226454,302.60816441018676,0.0,0.0,97.38050130724149,1091.423287357873
61,1900.6051194479278,938.1517017480285,0.0,663.8022522127429,298.65116548715645,0.0,0.0,87.43395698170141,1150.6051194479278
62,1938.753906801898,984.8409405894624,0.0,658.3391583314032,295.57380788103256,0.0,0.0,60.38389193716924,1188.7539068018982
63,1959.7711316185957,1015.5947688997708,0.0,652.2271117870671,291.94925093175794,0.0,0.0,47.477314359505165,1209.7711316185957
64,1964.2002765277277,1025.4440742649952,0.0,648.9106920159725,289.8455102467601,0.0,0.0,19.98809460248438,1214.2002765277277
65,2013.1896349474634,1082.8083259366667,0.0,642.0647247727711,288.3165842380256,0.0,0.0,57.36425167167163,1263.1896349474634
66,2024.785577749207,1098.730351957961,0.0,639.5339709036285,286.5212548876178,0.0,0.0,25.031092614175616,1274.785577749207
67,2049.7352455261566,1128.302832532837,0.0,636.878180243384,284.55423274993575,0.0,0.0,39.78123155177789,1299.7352455261566
68,2077.516202431007,1160.586917474493,0.0,633.1973428006673,283.73194215584664,0.0,0.0,32.284084941655955,1327.5162024310068
69,2095.629095009981,1183.3030836989692,0.0,630.6950598537134,281.6309514572986,0.0,0.0,34.174785934066435,1345.629095009981
70,2079.247281534158,1176.1882482622268,0.0,625.8042747629977,277.2547585089333,0.0,0.0,17.401232293582698,1329.2472815341578
71,2087.1276661638376,1190.4825624368698,0.0,622.6153292479545,274.02977447901344,0.0,0.0,33.24359678998848,1337.1276661638378
72,2081.0918911388285,1190.3878896899018,0.0,619.8462843146862,270.85771713424026,0.0,0.0,19.314059410574206,1331.0918911388285
73,2093.885959917594,1207.3813911659263,0.0,618.0322362821029,268.4723324695646,0.0,0.0,32.166256870334756,1343.885959917594
74,2084.9761640501965,1202.9903204914724,0.0,616.2095438108605,265.7762997478637,0.0,0.0,13.258965109390136,1334.9761640501968
75,2091.479361701296,1213.524146010971,0.0,614.7271112465719,263.2281044437531,0.0,0.0,27.756637164837123,1341.479361701296
76,2089.6008618900355,1215.6140155094117,0.0,613.416185942786,260.57066043783806,0.0,0.0,20.59177793196108,1339.6008618900357
77,2102.9961606107295,1237.765748843339,0.0,606.1937470930858,259.0366646743045,0.0,0.0,22.151733333927215,1352.9961606107295
78,2122.9384290501284,1265.8774561767414,0.0,599.4624959511458,257.5984769222412,0.0,0.0,28.111707333402432,1372.9384290501282
79,2179.4451510860454,1328.648640135714,0.0,594.30595702738,256.49055392295105,0.0,0.0,62.771183958972685,1429.4451510860451
80,2191.0519666729533,1345.59420615348,0.0,589.9147788867997,255.5429816326737,0.0,0.0,16.945566017765856,1441.0519666729533
81,2200.8667951671255,1356.9291310616043,0.0,590.0599842128119,253.87767989270938,0.0,0.0,24.391296120706738,1450.8667951671257
82,2208.0652809054045,1365.9089879214293,0.0,590.3796254332831,251.77666755069228,0.0,0.0,25.789765679277725,1458.0652809054047
83,2213.479346389202,1373.7106075525728,0.0,591.1113009481392,248.6574378884902,0.0,0.0,33.40154342936954,1463.4793463892022
84,2210.1641925817544,1372.4183948651698,0.0,592.2354072147359,245.5103905018488,0.0,0.0,25.51862104339305,1460.1641925817546
85,2216.586361678912,1380.7176123554505,0.0,593.9540196065834,241.9147297168782,0.0,0.0,40.075825452858716,1466.586361678912
86,2239.3070180973823,1404.471626075232,0.0,595.5960426603439,239.2393493618065,0.0,0.0,48.38621504106496,1489.3070180973823
87,2276.620027104768,1442.607781394603,0.0,597.6610386312319,236.35120707893276,0.0,0.0,65.54497227502998,1526.6200271047676
88,2325.1602930358727,1491.8817518272783,0.0,601.2322202434466,232.04632096514752,0.0,0.0,91.511809132414,1575.1602930358724
89,2407.245225123971,1573.9046775425602,0.0,605.942520506257,227.39802707515392,0.0,0.0,130.0192045795047,1657.245225123971
90,2524.747406358796,1690.1977751997556,0.0,612.3428594327456,222.20677172629493,0.0,0.0,173.07040897554148,1774.747406358796
91,2671.01306265509,1834.009366814525,0.0,619.53894855818,217.46474728238508,0.0,0.0,199.36427415338514,1921.0130626550902
92,2811.7049750436295,1971.1821336767396,0.0,627.3274027777925,213.19543858909717,0.0,0.0,190.6965399003923,2061.704975043629
93,2994.718639084317,2151.6639384072687,0.0,632.0710914773813,210.98360919966728,0.0,0.0,210.08230642992697,2244.718639084317
94,3180.956943882632,2334.758897314397,0.0,637.5620849544266,208.63596161380815,0.0,0.0,215.69046068984704,2430.956943882632
95,3357.279093945402,2507.028019508606,0.0,643.8169459239011,206.43412851289494,0.0,0.0,205.12219560810843,2607.279093945402
96,3522.6894831459344,2678.9992349035474,0.0,638.1626235963245,205.5276246460627,0.0,0.0,171.97121539494128,2772.6894831459344
97,3719.05123482694,2882.4020105058357,0.0,632.0981641836504,204.55106013745416,0.0,0.0,203.40277560228816,2969.05123482694
98,3879.0437023665445,3036.2903530299304,0.0,639.6937412929469,203.05960804366734,0.0,0.0,181.91045436789202,3129.0437023665445
99,3970.2394503885675,3110.314424481004,0.0,660.5490524106608,199.37597349690273,0.0,0.0,147.46447085684107,3220.2394503885675
100,3971.250406602827,3094.7945319350033,0.0,680.4854920182146,195.97038264960875,0.0,0.0,55.31751847155415,3221.250406602827
101,3962.872418199873,3075.805009053943,0.0,693.360123095433,193.70728605049678,0.0,0.0,28.662704872117732,3212.872418199873
102,4028.9529017215127,3135.169660925438,0.0,701.5538929113217,192.229347884753,0.0,0.0,90.65481622860091,3278.9529017215127
103,4094.875132136863,3210.022339343058,0.0,693.6995147625796,191.15327803122588,0.0,0.0,74.85267841761983,3344.875132136863
104,4157.682854705726,3265.6909710732875,0.0,702.2177952018723,189.7740884305656,0.0,0.0,86.54946533076381,3407.6828547057257
105,4205.347157437122,3245.1085257353443,61.55531104137825,710.1562199736851,188.52710068671425,0.0,0.0,69.58426465547106,3393.7918463957435
106,4257.454727049434,3225.455034016601,126.6722935361749,717.8144059437054,187.51299355295242,0.0,0.0,73.91265132447235,3380.782433513259
107,4288.976466535044,3190.935474029641,182.65737399618502,729.035105144963,186.34851336425484,0.0,0.0,64.21420895642127,3388.9764665350435
108,4333.374564911963,3148.916714973215,256.0948398255694,743.054455975008,185.30855413816968,0.0,0.0,84.62599703068246,3433.3745649119624
109,4373.49985182496,3101.6598969111633,328.49837878983885,758.6428321669695,184.69874395698974,0.0,0.0,84.26294587293197,3473.4998518249618
110,4390.609896862448,3044.8186414750476,378.1330343111979,783.0888585228823,184.56936255332016,0.0,0.0,59.48047754410229,3490.6098968624483
111,4423.055787497996,2976.2626739094876,448.89111433887905,813.0537348962982,184.8482643533304,0.0,0.0,84.63483407836178,3523.055787497995
112,4471.84289069592,2900.8508578960045,538.7075659104365,846.4658249026628,185.81864198681617,0.0,0.0,107.54835051839355,3571.8428906959202
113,4527.0107367096425,2819.624394635555,637.3688010311655,882.2966904684642,187.7208505744578,0.0,0.0,119.13919375781424,3627.010736709642
114,4591.130055564348,2722.2982382266973,753.0871332440164,924.6868661227497,191.0578179708848,0.0,0.0,141.3427020170204,3691.1300555643484
115,4655.595330147391,2621.890872023456,870.300293268781,967.6852566074626,195.7189082476913,0.0,0.0,145.06363751171222,3755.5953301473905
116,4726.255856843592,2529.311470527402,988.6354570555076,1007.1178461692019,201.19108309148032,0.0,0.0,147.14026800341222,3826.255856843592
117,4802.233023947455,2436.0761355485292,1112.0154244772555,1046.2729213920682,207.86854252960163,0.0,0.0,154.73024692111275,3902.233023947455
118,4792.283428500382,2345.9540549467506,1151.9317335245719,1079.6729059699785,214.72473405908127,0.0,0.0,60.03885943905974,3892.2834285003823
119,4896.942044117326,2275.1811668030778,1290.3130363162506,1110.0979564105862,221.34988458741105,0.0,0.0,170.82263652871544,3996.942044117326
120,4981.856947624395,2207.369494116498,1407.8903334477322,1137.9738025008937,228.62331755927025,0.0,0.0,148.06449262933168,4081.8569476243943
121,5037.879671121749,2150.3270405414055,1491.9618763161247,1160.2741305724637,235.31662369175544,0.0,0.0,108.63567850791019,4137.879671121749
122,5175.421486931435,2113.314659159875,1642.298191987605,1178.476717381373,241.3319184025827,0.0,0.0,182.01446375297195,4275.421486931436
123,5272.244296570717,2055.8440762647892,1764.4765524688116,1201.6972345774345,250.22643325968127,0.0,0.0,155.4629127614224,4372.244296570717
124,5290.869059903734,1975.228162069093,1824.612036343285,1229.0235995846372,262.0052619067185,0.0,0.0,90.65190328074996,4390.869059903734
125,5409.364044863025,1918.1272463693297,1967.0873387009958,1251.6444051053418,272.5050546873573,0.0,0.0,181.36211700276482,4509.364044863025
126,5443.796737498113,1847.8866001531565,2036.5645343931008,1274.6590604591604,284.6865424926958,0.0,0.0,101.79229251371449,4543.7967374981135
127,5532.687560944279,1778.8119803511597,2157.1301762875432,1298.4136442265287,298.331760079047,0.0,0.0,162.4216036241267,4632.687560944279
128,5568.562402661475,1667.8310206474732,2249.4682157101433,1331.4791067442006,319.7840595596567,0.0,0.0,145.30769761413754,4668.562402661473
129,5546.968942663117,1527.8404881988415,2303.769955722096,1368.2621648438624,347.0963338983161,0.0,0.0,114.00359009254092,4646.968942663116
130,5607.480551935967,1448.9301209410776,2404.655711663853,1388.8945777856259,365.00014154541117,0.0,0.0,149.3043006470454,4707.480551935967
131,5658.738170552605,1394.5585752814998,2483.4260942698857,1402.2235831171104,378.52991788411,0.0,0.0,115.76867763734512,4758.738170552605
132,5718.633159001868,1338.1983306125258,2571.580247977015,1415.2982017714019,393.5563786409256,0.0,0.0,129.38202026290583,4818.633159001869
133,5795.380848038703,1284.6017058371083,2674.2461113490226,1427.1840545429507,409.3489763096221,0.0,0.0,147.3531386562311,4895.380848038703
134,5855.304681847723,1231.8221059060065,2760.4272600234594,1437.5084945484896,425.5468213697675,0.0,0.0,129.52386198922684,4955.304681847723
135,5856.818114774038,1171.0115091825066,2795.7045574022,1446.9650975878556,443.13695060147546,0.0,0.0,74.83979528799699,4956.818114774037
136,5899.790671863365,1110.5060266104394,2870.7523801595307,1455.8106160166408,462.72164907675443,0.0,0.0,124.21345882891053,4999.790671863365
137,5963.671330921536,1059.0688173770495,2960.8151087683154,1462.3640200924629,481.42338468370815,0.0,0.0,139.6821817685363,5063.671330921536
138,6007.082409075996,1014.8086008478846,3027.3784321051116,1466.7039308199269,498.19144530307324,0.0,0.0,109.3312898569784,5107.082409075996
139,6062.502259190768,970.5850305963769,3105.4651921777427,1470.088779280023,516.3632571366263,0.0,0.0,125.40800723660274,5162.502259190768
140,6119.488250585918,921.7871000997094,3187.732298185566,1472.47725961288,537.4915926877627,0.0,0.0,136.37716626420237,5219.488250585918
141,6119.557007273564,867.4617204671126,3215.9406360852095,1473.2620180214049,562.8926326998361,0.0,0.0,77.36565396148762,5219.557007273564
142,6151.729524064855,829.924025185397,3266.0967287822214,1472.5886145057755,583.1201555914599,0.0,0.0,93.2854997486565,5251.729524064853
143,6197.030531952414,789.3231178971994,3329.8405671733017,1470.658028331086,607.2088185508276,0.0,0.0,115.69289193108796,5297.030531952414
144,6222.519470898528,747.9468353989915,3374.3327976986457,1467.3890048435148,632.8508329573757,0.0,0.0,96.67680980102818,5322.519470898528
145,6263.623694349654,710.8323211988766,3430.3996192507348,1462.8803284183196,659.5114254817233,0.0,0.0,111.56517730824253,5363.623694349654
146,6266.681912229119,669.0565387042938,3451.7850172205617,1456.836217137014,689.0041391672504,0.0,0.0,77.46661702746762,5366.68191222912
147,6264.162998971284,625.0344039984045,3487.1684992674113,1427.2836184926603,724.6764772128082,0.0,0.0,104.48384109736493,5364.162998971284
148,6242.47012289356,578.9713204299455,3503.8787769219916,1395.0707794016628,764.54924613996,0.0,0.0,91.05256144664801,5342.47012289356
149,6199.712849666272,528.0305524613868,3501.932760871149,1357.6202892790702,812.1292470546648,0.0,0.0,84.0924625344171,5299.712849666272
150,934.9669115703225,449.1949578305221,146.85412963650194,262.61401375,76.30381035329845,5299.712849666272,0.0,65.4330797055221,38.1127819338206
151,970.8503387444647,476.0907714754036,143.47657462244726,273.55094614354164,77.73204650307216,5299.712849666272,0.0,67.04428924598758,77.37376412201738
152,1005.7467385167267,496.8373213959266,139.26571630561338,290.10426439519085,79.53943641999598,5299.712849666272,0.0,66.65021941538633,116.48102221111344
153,1037.560013965214,516.566390195704,134.94065324137344,304.63530762810063,81.41766290003606,5299.712849666272,0.0,63.17876792375351,152.6193607238407
154,1065.8313441934338,533.4099855977536,130.1501167894078,318.7612657067366,83.50997609953583,5299.712849666272,0.0,62.08979745629355,185.681227404026
155,1095.094411375632,554.0937342861637,125.9852771171968,329.68513489610365,85.33026507616798,5299.712849666272,0.0,58.12279112096524,219.1091342584353
156,1125.643153475628,578.2297196221778,122.53060044529404,338.0478928325191,86.83494057563722,5299.712849666272,0.0,54.28915805902699,253.11255303033408
157,1150.8683964706931,597.5774504150783,119.1412939801847,345.84638086420694,88.30327121122342,5299.712849666272,0.0,48.476668483540344,281.7271024905086
158,1194.5071500025115,634.2023850243633,114.88277069419016,355.2870692337136,90.13492505024435,5299.712849666272,0.0,72.92358513397396,329.62437930832124
159,1236.131040734828,668.8818900833603,110.48207754453112,364.76126922488817,92.00580388204841,5299.712849666272,0.0,72.14506360327107,375.64896319029685
160,1278.9853190268022,704.6532142852634,105.9115595291728,374.50070599661655,93.91983921574965,5299.712849666272,0.0,75.02952724365555,423.07375949762957
161,1320.8613994757286,738.9762056517916,101.05852862187272,384.9126204943279,95.91404470773647,5299.712849666272,0.0,76.77345103222311,469.80287085385595
162,1358.6203717176422,768.5426219762285,95.92377726477514,396.1800314120631,97.97394106457556,5299.712849666272,0.0,75.74025377791477,512.6965944528671
163,1392.3569625994407,793.5244106318773,90.65845064140598,408.1507757684022,100.0233255577552,5299.712849666272,0.0,74.08665219046274,551.6985119580347
164,1425.9950021591105,818.0670699088441,85.46191560658157,420.4932904260222,101.9727262176627,5299.712849666272,0.0,75.14406068094318,590.5330865525291
165,1455.5179075481067,839.0634725574764,80.23691172773374,433.5191837757327,102.69833948716375,5299.712849666272,0.0,74.36060939034527,625.2809958203728
166,1481.6352980141492,856.2118093800008,75.10387836282877,447.0093797464137,103.31023052490588,5299.712849666272,0.0,72.41297133666255,656.5314196513202
167,1493.883453076261,858.2950589222895,69.6713091059233,462.08188941530034,103.83519563274797,5299.712849666272,0.0,63.944855345637535,674.2121439703378
168,1519.4533127560312,873.8695787349354,64.78081865167269,476.6996182555169,104.1032971139062,5299.712849666272,0.0,75.97657969052462,704.6724941043585
169,1527.2305326199225,871.6442830299104,60.34972967922715,491.14874944529925,104.08777046548582,5299.712849666272,0.0,58.08642268679801,716.8808029406955
170,1530.0141667775601,865.0240820100931,56.532646995597084,504.6077443730226,103.84969339884715,5299.712849666272,0.0,50.327958786884935,723.481519781963
171,1543.9207294623018,871.3758459699185,53.667466447712435,515.3672277968112,103.51018924785977,5299.712849666272,0.0,52.700310354250114,740.2532630145895
172,1577.6397304238365,897.279008055474,50.84405458060149,526.4705522269259,103.04611556083528,5299.712849666272,0.0,74.5344225187679,776.7956758432351
173,1627.2256487057855,939.7384469039679,48.40846547902855,536.5522649574177,102.5264713653713,5299.712849666272,0.0,87.28405414029226,828.8171832267569
174,1672.3734158184068,977.2433381660571,45.954368065794185,547.2847820635656,101.89092752299011,5299.712849666272,0.0,85.61558913072167,876.4190477526128
175,1692.42206752489,990.1772305763558,43.84356905507164,557.1617536756099,101.23951421785273,5299.712849666272,0.0,57.32679870444133,898.5784984698184
176,1737.9896311087632,1027.7733947958816,41.646896636928346,568.1086639036295,100.46067577232358,5299.712849666272,0.0,86.85789988618129,946.3427344718347
177,1779.0609594624252,1059.5764616024253,39.300120040747835,580.676728915908,99.50764890334396,5299.712849666272,0.0,88.31936198595744,989.7608394216772
178,1792.593475619347,1063.7015297624214,37.147112089465516,593.2404795833944,98.50435418406553,5299.712849666272,0.0,60.41092899219203,1005.4463635298813
179,1843.0247163108747,1104.9014558607212,35.222218392196055,605.4089283846612,97.49211367329653,5299.712849666272,0.0,95.63690667838874,1057.802497918679
180,1907.7978489529075,1161.5145724980018,33.664185575151535,616.036802311193,96.58228856856107,5299.712849666272,0.0,104.08166826213304,1124.133663377756
181,1937.2479296447905,1181.6818808146968,32.03315578403544,627.9854865851776,95.54740646088055,5299.712849666272,0.0,73.24509663108839,1155.214773860755
182,1995.4310469802515,1229.0696882346695,30.306168273148963,641.7017937777767,94.35339669465635,5299.712849666272,0.0,107.86639445124177,1215.1248787071024
183,2047.0506156276344,1268.0441907076374,28.486472282201134,657.5434650313017,92.976487606494,5299.712849666272,0.0,108.18860131076224,1268.5641433454332
184,2069.5999974538877,1277.7507518320838,26.846274620612387,673.3910311776954,91.61193982349606,5299.712849666272,0.0,78.18597116391362,1292.753722833275
185,2121.604931066164,1317.0712282225347,25.389864222712628,688.8517443463551,90.29209427456159,5299.712849666272,0.0,105.67884659894608,1346.2150668434513
186,2166.4544999287154,1346.8311115999868,23.816486074161404,707.0537495697029,88.7531526848642,5299.712849666272,0.0,107.52687156354648,1392.638013854554
187,2211.6660553520396,1378.2701049410703,22.52896683699224,723.4828132164495,87.38417035752765,5299.712849666272,0.0,101.29112797648116,1439.1370885150473
188,2264.523542504554,1417.3617925516778,21.354911971869917,739.760354828249,86.04648315275702,5299.712849666272,0.0,108.11309061664576,1493.168630532684
189,2324.0517970064698,1462.7749383824557,20.252798311821692,756.3162888396276,84.70777147256469,5299.712849666272,0.0,115.4270020302581,1553.7989986946482
190,2395.977294653583,1519.4549537007558,19.163830662390403,774.0568801924335,83.30163009800344,5299.712849666272,0.0,131.43231364309756,1626.8134639911927
191,2447.69648759813,1555.9370907555153,18.175216548285977,791.6403203259656,81.94385996836311,5299.712849666272,0.0,110.15638094307586,1679.521271049844
192,2497.0246656266263,1588.3684675237116,17.175477402718915,810.990756031205,80.48996466899034,5299.712849666272,0.0,113.06507026227699,1729.849188223907
193,2494.8838133812956,1570.935597318407,16.353480523399785,828.3732479157467,79.22148762374218,5299.712849666272,0.0,54.663509439284894,1728.5303328578957
194,2548.58649740295,1609.776450455077,15.61216703051228,845.1789212726193,78.01895864474129,5299.712849666272,0.0,108.57328323481009,1782.9743303724376
195,2551.410891110397,1596.3633265024664,14.855006202189495,863.4597577030933,76.73280070264818,5299.712849666272,0.0,62.598928964508595,1786.5558849082076
196,2584.8192303928304,1610.958235311041,14.035306960101229,884.5541859963713,75.27150212531639,5299.712849666272,0.0,102.69196643228473,1820.7839234327287
197,2555.599890943194,1564.7071690436205,13.344480379458197,903.5765333199329,73.97170820018236,5299.712849666272,0.0,33.828745806412904,1793.2837023635534
198,2573.7179262626155,1564.778537278171,12.65090935190265,923.6842312613784,72.60424837116352,5299.712849666272,0.0,85.76511546252188,1813.4627685395494
199,2619.428232128194,1589.3980646254327,11.878697844936003,947.1453337417396,71.0061359160859,5299.712849666272,0.0,126.36768202056513,1861.5433983671724
200,2653.9292784976133,1601.034858094228,11.087828990673684,972.5315102993824,69.27508111332916,5299.712849666272,0.0,124.0134792852325,1898.5663683936104
201,2683.581915642477,1608.0293807068504,10.351493197407041,997.6371494098357,67.5638923283836,5299.712849666272,0.0,120.59859863789205,1930.666530116686
202,2711.7101205333356,1614.5719236651046,9.690524477916094,1021.5120668041253,65.93560558618948,5299.712849666272,0.0,117.11365649614557,1961.0839904692298
203,2735.1992196281744,1616.5821112038732,9.067563055178553,1045.2349264525035,64.314618916619,5299.712849666272,0.0,114.51333325246533,1986.8170376563767
204,2739.85855547728,1598.1976327625912,8.432856310223693,1070.65661336069,62.571453043774866,5299.712849666272,0.0,105.27814614387205,1993.8542461232812
205,2739.9897361707885,1578.0855590019103,7.902160850931406,1092.9748763378109,61.02713998013623,5299.712849666272,0.0,91.94995139079238,1996.0604353397212
206,2765.9711574872836,1586.579871359859,7.459546005119142,1112.2596305336065,59.672109588698596,5299.712849666272,0.0,108.6573161860236,2023.8395018934655
207,2791.631184595499,1594.2964196041416,7.0179502059739995,1132.0576857064239,58.25912907895936,5299.712849666272,0.0,113.8737288813938,2051.3541053105655
208,2782.916998990377,1569.6015491910903,6.636761468028585,1149.6968169721515,56.98187135910688,5299.712849666272,0.0,73.02493534379722,2044.2983661632418
209,2806.8250399242747,1577.399239406417,6.261879848464705,1167.4914723236143,55.6724483457787,5299.712849666272,0.0,109.61249722185318,2069.8907117300314
210,2815.976960850968,1571.177322127467,5.912071671692321,1184.4902906353889,54.3972764164201,5299.712849666272,0.0,94.57580442569957,2080.667612762856
211,2809.1486366823788,1549.2920374765617,5.576934803848058,1201.1560842955525,53.12358010641648,5299.712849666272,0.0,80.49665260932504,2075.448121772114
212,2823.6013008361588,1551.7752581919158,5.315010575256851,1214.4254036503985,52.08562841858736,5299.712849666272,0.0,87.27991542841048,2091.2006618423143
213,2854.6147047627687,1571.1385126638252,5.062883082921563,1227.3613683261212,51.051940689900675,5299.712849666272,0.0,104.93269124470596,2123.499880989946
214,2853.186022697164,1557.2490708561347,4.7972272789061865,1241.2146388007277,49.925085761395245,5299.712849666272,0.0,80.75621477227078,2123.463709656862
215,2819.865942681349,1532.6060188325796,4.571865534363399,1233.755361015804,48.93269729860188,5299.712849666272,0.0,60.10675284602759,2091.361379848384
216,2811.9983237507313,1533.4189033895582,4.348929941198285,1226.3124849730968,47.91800544687777,5299.712849666272,0.0,88.67641749225119,2084.731388362655
217,2812.291913579546,1543.1318476349875,4.111019010727309,1218.2514049606998,46.79764197313171,5299.712849666272,0.0,108.08812909725623,2086.3832525956873
218,2817.7295603823327,1557.8001949536765,3.8813106846880467,1210.3740844813892,45.67397026257853,5299.712849666272,0.0,114.99167998420094,2093.1742794350657
219,2831.9823011998988,1580.3036463613296,3.677488505758823,1203.3633940547982,44.63777227801204,5299.712849666272,0.0,116.75443747471891,2108.6670404161277
220,2863.56499924287,1619.2869700140072,3.4939818293582325,1197.113182198485,43.670865201019296,5299.712849666272,0.0,128.6460261443237,2141.4001522124922
221,2892.1576494585643,1655.1172214630287,3.310822934385987,1191.0568534153622,42.67275164578763,5299.712849666272,0.0,130.32665248102057,2171.174074878391
222,2882.010609074444,1652.226382882497,3.1189090137299695,1185.0758107557137,41.58950642250351,5299.712849666272,0.0,102.20801518464566,2162.302193638211
223,2860.1041324333596,1637.333870056937,2.921973301330525,1179.4142667873102,40.4340222877816,5299.712849666272,0.0,100.38599619483865,2141.7481368442473
224,2818.237517979544,1602.2404843788574,2.7210949418265242,1174.0710826568873,39.20485600197234,5299.712849666272,0.0,91.13761126149302,2101.3115670357447
225,2788.5022969167153,1578.9284189641444,2.525461820983906,1169.0963701940716,37.952045937515535,5299.712849666272,0.0,109.07981462662258,2073.0247891582158
226,2730.443748674199,1527.182890251775,2.3360711253737705,1164.2442882055316,36.680499091519074,5299.712849666272,0.0,86.29010054302859,2016.4271784573066
227,2668.5743624546235,1471.3679626524251,2.1668578134073213,1159.5521482235456,35.487393765245145,5299.712849666272,0.0,76.9182307909533,1955.9201108759707
228,2646.239784790443,1453.977585127981,2.0458821416847908,1155.6227738151108,34.59354370566635,5299.712849666272,0.0,83.95699252036579,1934.6003589430918
229,2627.7185472792507,1440.1086886706166,1.9448820550756256,1151.8445311628768,33.82044539068191,5299.712849666272,0.0,74.91771124684803,1916.9532198334934
230,2578.188432579114,1395.3123828499265,1.8519531594009921,1147.9372996405573,33.08679692922896,5299.712849666272,0.0,40.41926079729038,1868.2496824904838
231,2580.486372835416,1402.5562686182707,1.7645212932749468,1143.7898646828792,32.375718240991304,5299.712849666272,0.0,90.65622313361881,1871.3461333011498
232,2546.7705929991976,1374.9810348227518,1.666592567167449,1138.5673103336026,31.555655275675573,5299.712849666272,0.0,69.51868852423847,1838.5483451563543
233,2494.4856038975013,1329.793458940416,1.5651554105834682,1132.450502024578,30.67648752192354,5299.712849666272,0.0,60.11590915607194,1787.2439609649941
234,2483.1287084085516,1325.5180817366959,1.4763318628107247,1126.25720336874,29.877091440304806,5299.712849666272,0.0,92.5145813223138,1776.7752851054358
235,2481.6176066261064,1330.1778831778013,1.407562479240936,1120.795910154581,29.236250814483174,5299.712849666272,0.0,82.9950933227696,1775.9737933323822
236,2476.014632242779,1331.955996439536,1.3315848958052345,1114.219077026558,28.507973880880154,5299.712849666272,0.0,91.64749425937067,1771.1750734660939
237,2440.8129472144724,1303.9923100980504,1.2626237785192853,1107.7330667294978,27.82494660840466,5299.712849666272,0.0,57.39965189091634,1736.7253768275482
238,2407.99778417398,1278.3601006232561,1.198878638781016,1101.2652507971022,27.17355411484099,5299.712849666272,0.0,56.79691153816626,1704.6253514203584
239,2416.435138663982,1293.536409319333,1.1434514821255615,1095.1655326925297,26.58974516999403,5299.712849666272,0.0,89.86718801589664,1713.7019420118627
240,2434.258388618156,1317.5134002589011,1.0959562952411002,1089.573515712427,26.07551635158626,5299.712849666272,0.0,90.47287679309815,1732.0869159713282
241,2425.869089049353,1314.9471359177317,1.052804249066814,1084.2724579547225,25.59669092783178,5299.712849666272,0.0,60.099858414276014,1724.2195938724542
242,2401.545844496436,1296.7958062028924,1.0084028878650768,1078.6491856098598,25.092449795818432,5299.712849666272,0.0,48.69073845031345,1700.4449918127523
243,2393.5232006385113,1295.8109620595108,0.9594732890005325,1072.2299381711832,24.52282711881729,5299.712849666272,0.0,75.54654502920229,1693.040900230694
244,2350.132950352583,1259.8421125732339,0.9099830570734847,1065.450886792817,23.92996792945854,5299.712849666272,0.0,44.90988215861854,1650.292999366051
245,2323.048134452707,1241.117817067713,0.8569765439898543,1057.797928017144,23.275412823860314,5299.712849666272,0.0,71.95829681225096,1623.915745084857
246,2280.8811174400976,1208.0013583032303,0.8034621080986377,1049.484796506539,22.591500522230177,5299.712849666272,0.0,63.11974326477172,1582.4861548097692
247,2243.1431318636337,1178.857851484295,0.7566845441571004,1041.5573118421134,21.97128399306833,5299.712849666272,0.0,59.479026845531536,1545.4151633264084
248,2176.230237036863,1121.3158156030565,0.7098717819049812,1032.8754490571732,21.32910059472819,5299.712849666272,0.0,35.38251626124813,1479.1912646602298
249,2102.9939377459245,1058.3797572767025,0.6635947967798306,1023.2796921887365,20.670893483705854,5299.712849666272,0.0,33.29400699435844,1406.6594494654391
250,2023.7622042443872,990.6777935318347,0.6182895210166796,1012.4646102749027,20.00151091663322,5299.712849666272,0.0,30.709337707001886,1328.1424038067375
251,2008.045930331923,986.9459558943457,0.5780249616842709,1001.1395011091281,19.382448366764923,5299.712849666272,0.0,87.28335805726567,1313.085457003474
252,1972.0983128870698,962.5355448192294,0.5443456147663149,990.173701899753,18.84472055332119,5299.712849666272,0.0,54.53433098673904,1277.7092467189823
253,1962.2352018807435,964.4958175018072,0.5132427269811519,978.8949147877829,18.331226864172226,5299.712849666272,0.0,77.45674209723198,1268.3907322895902
254,1979.1556558334116,992.8551215901205,0.48574157778084753,967.9526870923029,17.862105573207668,5299.712849666272,0.0,97.5426722470584,1285.8078086824235
255,2004.9916544557232,1029.874024115944,0.46051216023576774,957.2387079539466,17.41841022559684,5299.712849666272,0.0,102.9547082250541,1312.1127320698906
256,2019.8753185063872,1057.6245173552752,0.4325826733576687,944.9056670662399,16.91255141151449,5299.712849666272,0.0,103.95431024152316,1327.530184421515
257,2007.0463081108824,1058.2511186834477,0.4040541164139013,932.0134471515738,16.37768815944713,5299.712849666272,0.0,82.99946509869005,1315.2645658350216
258,1991.9418250699334,1054.570145255477,0.3801879024304865,921.0784002109617,15.913091701064227,5299.712849666272,0.0,69.84581795751079,1300.6485454664387
259,1992.1071890982112,1064.9343782370443,0.35914759105386446,911.3240694859189,15.48959378419404,5299.712849666272,0.0,79.06402460463913,1301.2584477229632
260,2020.4031396819605,1102.0920799366054,0.34103241102835197,902.8565841208515,15.113443213475135,5299.712849666272,0.0,99.65625356999269,1329.9486640574569
261,2033.0930307028455,1123.183092087959,0.32379300950902223,894.8409078707826,14.745237734594577,5299.712849666272,0.0,83.79815940731477,1343.0239999587416
262,1993.6189763378384,1090.0007452481102,0.31064256116583727,888.8512601348887,14.456328393673703,5299.712849666272,0.0,17.40631515197016,1303.8520053829989
263,1972.3852023067902,1074.8555643185541,0.2977782702562642,883.064571723705,14.16728799427476,5299.712849666272,0.0,36.558667167487556,1282.920136042259
264,1956.0866072994154,1064.6201363773641,0.2849749213067361,877.3085354554512,13.872960545293301,5299.712849666272,0.0,43.45195341696159,1266.9286718328153
265,1998.8227848836761,1113.0132116942227,0.273113730756822,871.9427192757422,13.593740182954532,5299.712849666272,0.0,100.30875866798824,1309.9559309699648
266,2046.3045877719646,1165.8911951160833,0.2617629021989311,866.8312923514085,13.32033740227413,5299.712849666272,0.0,104.7566850067688,1357.7224874674916
267,2090.026935253547,1215.1310149929068,0.2498004030091655,861.6205805006049,13.025539357026155,5299.712849666272,0.0,106.57858904654482,1401.7515954935116
268,2087.0490559578116,1217.327714974291,0.23782856257219737,856.7605241488313,12.72298827211707,5299.712849666272,0.0,62.91944743632526,1399.0882391231223
269,2098.5680790315314,1233.9667492150575,0.22491209334127962,851.9885890220967,12.387828701036078,5299.712849666272,0.0,86.23691579280097,1410.9553382371541
270,2105.5959043131347,1244.8453204679283,0.21404237301246137,848.4393611330001,12.097180339193473,5299.712849666272,0.0,73.58909729301293,1418.2846816009285
271,2141.3685637470344,1283.1810590154123,0.20590497696351517,846.1078629095094,11.87373684514933,5299.712849666272,0.0,88.20941233208936,1454.2889219249219
272,2165.9701581932536,1310.171722684298,0.19734705135641004,843.9672563658366,11.633832091762384,5299.712849666272,0.0,82.03358286382706,1479.1389790501346
273,2227.346832836617,1372.9266875229432,0.19140049132943954,842.765433705371,11.463311116973276,5299.712849666272,0.0,103.13666600600828,1540.6921212283141
274,2265.267170671328,1412.0765959378853,0.1848886040026898,841.7321696791015,11.273516450338798,5299.712849666272,0.0,85.21584993998366,1578.8087656169869
275,2272.5881097489187,1420.6096815852702,0.1754860940442841,840.8085609508961,10.994381118708164,5299.712849666272,0.0,78.33755359612275,1586.4182425361664
276,2224.9135329313713,1373.2091132391486,0.1670301869239515,840.8011292237408,10.736260281557854,5299.712849666272,0.0,20.111855466568514,1539.0102424628894
277,2247.2582132505145,1395.259800016956,0.1604263353039829,841.3086826257064,10.529304272547801,5299.712849666272,0.0,78.30102434369988,1561.5684826426623
278,2247.809496060296,1395.1847567439818,0.15422284945230127,842.1398269228747,10.330689543987251,5299.712849666272,0.0,55.530789077089224,1562.3245836668566
279,2284.029987514681,1430.610452336835,0.1491663159705244,843.1049912186446,10.165377643231174,5299.712849666272,0.0,83.05329676336629,1598.7154435554794
280,2323.0870017198795,1468.7932972428525,0.1449776698807036,844.1227220551625,10.026004751983757,5299.712849666272,0.0,79.33690349653273,1637.916019298015
281,2371.4011643079134,1515.9048355473813,0.140375263139297,845.4854077135683,9.870545783824536,5299.712849666272,0.0,94.04468671577564,1686.3902432609495
282,2418.24070176357,1561.1693245623758,0.13564624863534042,847.2276632809921,9.70806767156698,5299.712849666272,0.0,95.63996406674713,1733.396987843368
283,2466.756205119971,1608.2152193290422,0.1321704491604441,848.8223467936248,9.586468548143635,5299.712849666272,0.0,85.88597002616208,1782.037566122667
284,2486.44826304298,1626.6263001265468,0.1296114062271971,850.1966408318399,9.495710678366159,5299.712849666272,0.0,48.092625895840015,1801.8229409583867
285,2523.4150447314446,1661.9810718479387,0.12675129562799062,851.9139928545836,9.393228733293899,5299.712849666272,0.0,69.48557486299184,1838.8950647025222
286,2559.5991997046212,1695.8103971823407,0.12307786879778672,854.4056715209101,9.260053132572576,5299.712849666272,0.0,79.13152126796935,1875.2160687032508
287,2618.544668223252,1752.8142012764433,0.12049661819454821,856.4449554277156,9.165014900898356,5299.712849666272,0.0,90.26764884730834,1934.259156704159
288,2659.3531534823364,1791.3723523852686,0.11782068954599278,858.7975907979101,9.06538960961135,5299.712849666272,0.0,74.17837897191768,1975.1699431831787
289,2697.4388678729497,1826.8420120171331,0.1150513216018895,861.5207401383461,8.961064395868569,5299.712849666272,0.0,73.6515480287816,2013.3627521554793
290,2721.3868801679787,1846.9959418966305,0.11147935198179552,865.4546429108628,8.824816008503621,5299.712849666272,0.0,71.28946624620096,2037.4505848074932
291,2725.877040761479,1846.4456671631463,0.10736444007747728,870.6587714728856,8.665237685369258,5299.712849666272,0.0,61.36586218428853,2042.1044386360318
292,2723.778549717398,1836.1532130497399,0.10158487806255659,879.0871207426896,8.436631046905926,5299.712849666272,0.0,81.86921132268337,2040.2403337924295
293,2675.4417336209467,1778.8859279024257,0.09630138506397423,888.2380437189743,8.221460614482801,5299.712849666272,0.0,34.18737077862314,1992.1239716214
294,2682.9034771614047,1778.669314148876,0.09228555711940385,896.0886242015483,8.053253253861156,5299.712849666272,0.0,74.60115632236733,1999.7579383504244
295,2734.250655668576,1825.8881063508657,0.09028482931253674,900.3047069109026,7.967557577495477,5299.712849666272,0.0,86.62389230030914,2051.192813261768
296,2781.5767050680156,1869.2149051402453,0.08842133350712049,904.3865561612816,7.886822432981535,5299.712849666272,0.0,81.10064413630063,2098.601461301527
297,2834.9520703545363,1918.174132035742,0.08644788539624179,908.8911010045526,7.800389428845386,5299.712849666272,0.0,90.10800317788971,2152.0652330402945
298,2839.609545964419,1907.203277368372,0.08377926078516668,924.640363042552,7.682126292709694,5299.712849666272,0.0,46.45262770076688,2156.8436404109243
299,2861.635040277466,1911.728959047968,0.08090177305803554,942.2726765684397,7.552502888000249,5299.712849666272,0.0,69.19926611061108,2179.001635616408
300,2913.900083626794,1952.1601472793914,0.07903204206825055,954.1941790516923,7.466725253642136,5299.712849666272,0.0,84.49700527163975,2231.354326331084
301,2946.9749966046998,1968.7017577046538,0.07648921081300807,970.8481099463917,7.348639742841517,5299.712849666272,0.0,78.41027248950053,2264.5498676510456
302,2928.928802402974,1931.7391517278454,0.07369016463251685,989.8995395920849,7.2164209184111385,5299.712849666272,0.0,34.2644609164339,2246.6386913199303
303,2902.270499619401,1882.179828748732,0.07043600696234491,1012.960549193038,7.059685670668758,5299.712849666272,0.0,37.44676376512693,2220.14037794177
304,2899.3583456169813,1856.4963758372987,0.06733092364112299,1035.8880778277728,6.906561028268862,5299.712849666272,0.0,62.14587214685697,2217.3844536650713
305,2898.3072391132705,1838.775152032456,0.06513454682944897,1052.6712825729728,6.7956699610122815,5299.712849666272,0.0,47.796691369545655,2216.4464346054287
306,2897.8776393154058,1823.5087790182258,0.06322224945642078,1067.6081959230962,6.697442124627363,5299.712849666272,0.0,43.96800874694505,2216.116974941322
307,2901.9942431056184,1816.8915287426244,0.061863050120919555,1078.4143151457158,6.626536167157348,5299.712849666272,0.0,36.89543920887765,2220.30584388834
308,2910.804334472348,1817.7669929892522,0.06087017136512259,1086.4023175518344,6.574153759896079,5299.712849666272,0.0,33.42007420429256,2229.169310541087
309,2903.6092606626808,1800.3585965282582,0.059603048420971964,1096.6843200908331,6.506740995168436,5299.712849666272,0.0,24.856533708494933,2222.0429166190916
310,2927.3081351703963,1817.6013229308955,0.05881039493046211,1103.1838928941825,6.464108950388037,5299.712849666272,0.0,44.280534059610225,2245.785215825078
311,2921.6166414533463,1802.7832169353817,0.05769722442391896,1112.371904537861,6.4038227556799905,5299.712849666272,0.0,23.696582991381128,2240.1551214732426
312,2930.529859661858,1802.4619243547866,0.05658141419465057,1121.6685604532722,6.342793439604694,5299.712849666272,0.0,39.07561148532815,2249.130484808059
313,2960.3875644502496,1837.056953040729,0.05658141419465057,1116.951243113716,6.322786881610116,5299.712849666272,0.0,34.59502868594242,2279.0081961544447
314,2972.3801723604847,1855.7597641574737,0.05658141419465057,1110.2694080784893,6.294418710327161,5299.712849666272,0.0,18.70281111674459,2291.029172235963
315,2956.53245079806,1829.6977282799837,0.0554318107027356,1120.5478963304279,6.231394376945403,5299.712849666272,0.0,16.133341069239687,2275.2456246104116
316,2941.4655789838584,1805.147824552127,0.05437481614932682,1130.0905509253698,6.172828690211887,5299.712849666272,0.0,15.095662255590875,2260.238375477497
317,2903.467306405768,1752.9291559745623,0.05280158279682633,1144.4005611835637,6.084787664845144,5299.712849666272,0.0,7.961405376361279,2222.329717158126
318,2867.7039194101635,1704.1467353385108,0.051372319852738706,1157.5022339042048,6.003577847594826,5299.712849666272,0.0,7.472898472324586,2186.648969242716
319,2834.360426677787,1659.8651949424404,0.05017461274456062,1168.5105055667404,5.934551555861723,5299.712849666272,0.0,4.050352883665303,2153.375700509181
320,2808.990101486466,1626.1311301684987,0.04925742082364023,1176.9286703889625,5.88104350818085,5299.712849666272,0.0,4.029956641529782,2128.059800557461
321,2782.4797290258616,1590.6852951310168,0.04827393792375828,1185.9230406711072,5.823119285813698,5299.712849666272,0.0,5.654535994908897,2101.608335802124
322,2749.54348652858,1547.7256050440856,0.04716351364959419,1196.0136836782676,5.757034292577499,5299.712849666272,0.0,4.16834699393765,2068.739288722353
323,2760.5075488816547,1566.1199191852747,0.04716351364959419,1188.6101596414826,5.7303065412478,5299.712849666272,0.0,18.394314141189266,2079.7300788267576
324,2764.847911697408,1578.7780807841693,0.04716351364959419,1180.3223276754734,5.7003397241154,5299.712849666272,0.0,12.65816159889456,2084.1004084596425
325,2762.35152717353,1582.4034004170935,0.04716351364959419,1174.2227169666285,5.678246276158427,5299.712849666272,0.0,3.6253196329241386,2081.626117383722
326,2739.764579016224,1552.3873494754173,0.04641856300382641,1181.696812868536,5.633998109266724,5299.712849666272,0.0,3.04846578620682,2059.0841623439533
327,2739.1657394740887,1560.475094384079,0.04641856300382641,1173.0411791384772,5.603047388528585,5299.712849666272,0.0,8.087744908661818,2058.5162735225563
328,2742.629792404836,1565.8723282392637,0.04641856300382641,1171.1148988921846,5.59614671038392,5299.712849666272,0.0,5.397233855184654,2061.987227131448
329,2739.1298453750674,1566.066729652099,0.04641856300382641,1167.4337431905683,5.582953969396573,5299.712849666272,0.0,0.19440141283523996,2058.5004728426675
330,2726.066694380157,1566.066729652099,0.04641856300382641,1154.4017532787734,5.551792886280905,5299.712849666272,0.0,0.0,2045.4684829308724
331,2715.536377768845,1566.066729652099,0.04641856300382641,1143.896697325091,5.526532228651103,5299.712849666272,0.0,0.0,2034.96342697719
332,2708.305683373038,1566.066729652099,0.04641856300382641,1136.68342773999,5.509107417945193,5299.712849666272,0.0,0.0,2027.750157392089
333,2707.8021369855337,1564.8078730115362,0.04639990660969698,1137.4387417243277,5.509122343060497,5299.712849666272,0.0,0.0,2027.246614735864
334,2700.396510222284,1564.8078730115362,0.04639990660969698,1130.0510060080442,5.49123129609409,5299.712849666272,0.0,0.0,2019.8588790195804
335,2657.866910138989,1518.4728483309623,0.045417043487931234,1133.914786009811,5.433858754727724,5299.712849666272,0.0,0.0,1977.3876343407733
336,2645.3690761113126,1518.4728483309623,0.045417043487931234,1121.4468259791063,5.403984757756202,5299.712849666272,0.0,0.0,1964.9196743100686
337,2640.531652969139,1518.4728483309623,0.045417043487931234,1116.6210300167597,5.392357577929021,5299.712849666272,0.0,0.0,1960.093878347722
338,2592.5373129603095,1465.7081387850283,0.04432603526930957,1121.456385362374,5.3284627776381095,5299.712849666272,0.0,0.0,1912.1645241474023
339,2579.995710011832,1465.7081387850283,0.04432603526930957,1108.9445067439583,5.298738447576441,5299.712849666272,0.0,0.0,1899.6526455289866
340,2551.6811479763687,1434.5187602190776,0.043694450214976074,1111.857199460015,5.261493847060959,5299.712849666272,0.0,0.0,1871.3759596790926
341,2514.1546692491647,1393.4471638722832,0.042867297886987746,1115.4522835358637,5.212354543130821,5299.712849666272,0.0,0.0,1833.899447408147
342,2483.48753702091,1360.121366697854,0.04218701530321306,1118.1524432687636,5.171540038989339,5299.712849666272,0.0,0.6772524011655952,1803.2738099666176
343,2476.151301390581,1363.464097056376,0.04218701530321306,1107.4981158170533,5.146901501848577,5299.712849666272,0.0,3.3427303585220223,1795.9622128734293
344,2449.1886929271127,1333.8784490242924,0.04154294086715981,1110.1605733948543,5.1081275670991415,5299.712849666272,0.0,3.032301551836006,1769.0390224191467
345,2443.2088452871308,1335.5610325556925,0.04154294086715981,1102.5157301452039,5.0905396453671194,5299.712849666272,0.0,1.6825835314001236,1763.0767627008963
346,2407.120541491806,1296.1283824825068,0.04072473447178601,1105.910370267055,5.041064007772664,5299.712849666272,0.0,2.415966221131855,1727.0387527495618
347,2376.420581200644,1262.6571661474723,0.03995651087908964,1108.7293267887105,4.994131753582183,5299.712849666272,0.0,5.996513624292666,1696.3864929361828
348,2369.6560715285127,1264.3038763007849,0.03995651087908964,1100.3370080352233,4.975230681625168,5299.712849666272,0.0,1.6467101533126673,1689.6408843360082
349,2368.0315423612133,1264.8064201269253,0.03995651087908964,1098.214733029875,4.970432693534088,5299.712849666272,0.0,0.5025438261404163,1688.0211531568004
350,2357.9299378790206,1264.9853531708095,0.03995651087908964,1087.9574074244742,4.947220772857769,5299.712849666272,0.0,0.17893304388411932,1677.9427605952837
351,2351.4344447606463,1264.9853531708095,0.03995651087908964,1081.4766491393725,4.932485939585286,5299.712849666272,0.0,0.0,1671.462002310182
352,2345.868330263235,1264.9853531708095,0.03995651087908964,1075.9231989537514,4.919821627795215,5299.712849666272,0.0,0.0,1665.9085521245609
353,2344.51037633226,1264.9853531708095,0.03995651087908964,1074.568342665469,4.916723985102814,5299.712849666272,0.0,0.0,1664.5536958362784
354,2344.4946271402487,1264.945980501692,0.039955889055889086,1074.5919662669394,4.916724482561374,5299.712849666272,0.0,0.0,1664.5379467686314
355,2343.0942787165045,1261.4451370876452,0.03990059842956597,1076.6924723153675,4.916768715062433,5299.712849666272,0.0,0.0,1663.1376094030127
356,2341.6265126206613,1257.7757508644993,0.03984256550293757,1078.894104049255,4.9168151414037355,5299.712849666272,0.0,0.0,1661.6698549137543
357,2306.2405606728635,1219.0909627700776,0.03910890948212701,1082.2383557367868,4.872133256516884,5299.712849666272,0.0,0.0,1626.3293185068644
358,2248.791431848164,1156.9820113559704,0.03793329566309427,1086.9716416118033,4.799845584726661,5299.712849666272,0.0,0.0,1568.9536529677737
359,2206.525160483731,1112.14743495848,0.03708601520029449,1089.5937209264416,4.7469185836091,5299.712849666272,0.0,0.0,1526.7411558849217
360,2155.9744697615515,1059.2916515870988,0.03608723781767966,1091.962933853355,4.683797083280369,5299.712849666272,0.0,0.0,1476.2545854404539
361,2103.1839650041734,1005.067996266278,0.03505517213697475,1093.4632672254318,4.617646340326589,5299.712849666272,0.0,0.32565477984409186,1423.5312634917098
362,2041.70633401827,943.1532356106802,0.033849208486664506,1093.9800659339764,4.539183265126687,5299.712849666272,0.0,1.6418816038358992,1362.1333015446567
363,1975.7752383030488,878.442284225193,0.03255492053291097,1092.8469625533887,4.453436603934319,5299.712849666272,0.0,3.117841369548456,1296.2892467785819
364,1919.2447853590736,825.0013866601392,0.03130403840475899,1089.8432162182703,4.368878442259363,5299.712849666272,0.0,11.538322690314159,1239.8446028784097
365,1901.5618010469448,810.5235933129543,0.03051435490595094,1086.6932883999282,4.314404979156387,5299.712849666272,0.0,26.093422677455195,1222.2168817128825
